Entity,SchemaName,DisplayName,DataType,IsMandatory,Options,MaxLength,EntityAttributeId,Name,Description,EntityAttributeType,RenderType,RenderTypeTextValue,IsVisible,IsSearchable,ShowInMailMerge,DefaultValue,ShowInImport,ValidationMessage,Txt_Row,Txt_Col,OwnerID,CreatedBy,CreatedOn,ModifiedBy,ModifiedOn,OwnerIdName,CreatedByName,ModifiedByName,IsLeadIdentifier,LockAfterCreate,UseInLeadClone,ParentField,IsSortable,RangeMin,DefaultMailMergeValue,AllowAutoUpdateToOptions,ShowInQuickAdd,IsReadOnly,AllowMultiple,IsDerived,ShowInQuickSearch,IsUnique
1,mx_Missed_call_status,Missed call status,Select,False,"[{'Value': ''}, {'Value': 'Missed'}, {'Value': 'Answered call'}]",100,9a4b4e36-9aa6-11ef-9fcf-06463bf65549,Missed call status,Missed call status,2.0,13.0,Dropdown,True,True,True,,True,Invalid data,0,0,4ab3ca7c-2767-11ed-8755-02b84f9e23c5,4ab3ca7c-2767-11ed-8755-02b84f9e23c5,/Date(1730722581000+0000)/,4ab3ca7c-2767-11ed-8755-02b84f9e23c5,/Date(1730722581000+0000)/,System,System,System,False,0,False,,True,,,,,,,,,
1,mx_Repeat_Customer,Repeat Customer,Select,False,"[{'Value': ''}, {'Value': 'Yes'}, {'Value': 'No'}]",100,affd3476-91e6-11ef-9fcf-06463bf65549,Repeat Customer,Repeat Customer,2.0,13.0,Dropdown,True,True,True,,True,Invalid data,0,0,4ab3ca7c-2767-11ed-8755-02b84f9e23c5,4ab3ca7c-2767-11ed-8755-02b84f9e23c5,/Date(1729760545000+0000)/,4ab3ca7c-2767-11ed-8755-02b84f9e23c5,/Date(1729760545000+0000)/,System,System,System,False,0,False,,True,,,,,,,,,
1,mx_Recent_Whatsapp_Message,Recent Whatsapp Message,Text,False,,50,19fc83e4-91df-11ef-9fcf-06463bf65549,Recent Whatsapp Message,Recent Whatsapp Message,2.0,,Textbox,True,True,True,,True,Invalid data,0,0,4ab3ca7c-2767-11ed-8755-02b84f9e23c5,4ab3ca7c-2767-11ed-8755-02b84f9e23c5,/Date(1729757287000+0000)/,4ab3ca7c-2767-11ed-8755-02b84f9e23c5,/Date(1729757287000+0000)/,System,System,System,False,0,False,,True,,,,,,,,,
1,mx_Payment_Counter,Payment Counter,Number,False,,2147483647,3b1a646c-911b-11ef-9fcf-06463bf65549,Payment Counter,Payment Counter,2.0,,Textbox,True,True,True,,True,Invalid data,0,0,4ab3ca7c-2767-11ed-8755-02b84f9e23c5,4ab3ca7c-2767-11ed-8755-02b84f9e23c5,/Date(1729673161000+0000)/,4ab3ca7c-2767-11ed-8755-02b84f9e23c5,/Date(1729673161000+0000)/,System,System,System,False,0,False,,True,-2147483648,,,,,,,,
1,mx_Course,Course,Select,False,"[{'Value': ''}, {'Value': 'Elite Data Engineering Program'}, {'Value': 'The Ultimate Big Data Masters Program -  (Cloud Focused)'}, {'Value': 'Azure Data Engineering Program'}, {'Value': 'Big Data Masters Program'}, {'Value': 'SQL Champion Program'}, {'Value': 'AI The Ultimate Program for Data Engineers'}]",100,2b09987e-8c60-11ef-9fcf-06463bf65549,Course,Course,2.0,22.0,SearchableDropDown,True,True,True,,True,Invalid data,0,0,4ab3ca7c-2767-11ed-8755-02b84f9e23c5,4ab3ca7c-2767-11ed-8755-02b84f9e23c5,/Date(1729153013000+0000)/,5444c3cf-3f15-11ed-8f95-02cee9421788,/Date(1734068003000+0000)/,System,System,Somil Singhai,False,0,False,,True,,,True,,,,,,
1,mx_Dummy,Dummy,Text,False,,200,b579102c-8bb6-11ef-9fcf-06463bf65549,Dummy,Dummy,2.0,,Textbox,True,True,True,,,Invalid data,0,0,4ab3ca7c-2767-11ed-8755-02b84f9e23c5,4ab3ca7c-2767-11ed-8755-02b84f9e23c5,/Date(1729080231000+0000)/,4ab3ca7c-2767-11ed-8755-02b84f9e23c5,/Date(1729080231000+0000)/,System,System,System,False,0,False,,True,,,,,,,,,
1,mx_Counter,Counter,Number,False,,2147483647,567d8dde-b9b6-11ed-8f95-02cee9421788,Counter,Counter,2.0,,Textbox,True,True,True,,True,Invalid data,0,0,4ab3ca7c-2767-11ed-8755-02b84f9e23c5,4ab3ca7c-2767-11ed-8755-02b84f9e23c5,/Date(1677842830000+0000)/,4ab3ca7c-2767-11ed-8755-02b84f9e23c5,/Date(1719399263000+0000)/,System,System,System,False,0,False,,True,-2147483648,,,,,,,,
1,mx_WhatsApp_Opt_Out,WhatsApp Opt Out,Boolean,False,,50,6d4bbd3b-b441-11ed-8f95-02cee9421788,WhatsApp Opt Out,WhatsApp Opt Out,2.0,14.0,RadioButtons,True,True,True,,True,Invalid data,0,0,4ab3ca7c-2767-11ed-8755-02b84f9e23c5,4ab3ca7c-2767-11ed-8755-02b84f9e23c5,/Date(1677242861000+0000)/,4ab3ca7c-2767-11ed-8755-02b84f9e23c5,/Date(1719399263000+0000)/,System,System,System,False,0,True,,True,,,,True,,,,,
1,mx_International_or_National_Leads,International or National Leads,Select,False,"[{'Value': ''}, {'Value': 'International Lead'}, {'Value': 'National Lead'}]",100,dfb73318-b1e6-11ed-8f95-02cee9421788,International or National Leads,International or National Leads,2.0,13.0,Dropdown,True,True,,,True,Invalid data,0,0,4ab3ca7c-2767-11ed-8755-02b84f9e23c5,4ab3ca7c-2767-11ed-8755-02b84f9e23c5,/Date(1676984067000+0000)/,4ab3ca7c-2767-11ed-8755-02b84f9e23c5,/Date(1719399263000+0000)/,System,System,System,False,0,False,,True,,,,,,,,,
1,mx_LC,LC,Select,False,"[{'Value': 'Shilpy Chakraborty'}, {'Value': 'Neha Srivastava'}, {'Value': 'Bhumika Chaudhary'}, {'Value': 'Trendytech Insights LLP'}, {'Value': 'Nitya Sharma'}, {'Value': 'Somil Singhai'}, {'Value': 'Seema'}, {'Value': 'Siya Khedekar'}, {'Value': 'Solat Khan'}, {'Value': 'Jyoti Raina'}]",100,e1688616-aeaa-11ed-8f95-02cee9421788,LC,LC,2.0,13.0,Dropdown,True,True,,,True,Invalid data,0,0,4ab3ca7c-2767-11ed-8755-02b84f9e23c5,4ab3ca7c-2767-11ed-8755-02b84f9e23c5,/Date(1676628446000+0000)/,7d4446d7-5044-11ed-8f95-02cee9421788,/Date(1744350750000+0000)/,System,System,Seema,False,0,False,,True,,,True,,,,,,
1,mx_Owner_Converted,Owner Converted,Select,False,"[{'Value': 'Damini Ojha'}, {'Value': 'Seema'}, {'Value': 'Shilpy Chakraborty'}, {'Value': 'Neha Srivastava'}, {'Value': 'Bhumika Chaudhary'}, {'Value': 'Neha Kar'}, {'Value': 'Trendytech Insights LLP'}, {'Value': 'Madhusmita Chelleng'}]",100,cd9d8193-ac5f-11ed-8f95-02cee9421788,Owner Converted,Owner Converted,2.0,13.0,Dropdown,True,True,,,True,Invalid data,0,0,7d4446d7-5044-11ed-8f95-02cee9421788,7d4446d7-5044-11ed-8f95-02cee9421788,/Date(1676376298000+0000)/,7d4446d7-5044-11ed-8f95-02cee9421788,/Date(1723192116000+0000)/,Seema,Seema,Seema,False,0,False,,True,,,,,,,,,
1,mx_Lead_Score_TT,Lead Score TT,Number,False,,2147483647,5882b26a-8cd4-11ed-8f95-02cee9421788,Lead Score TT,Lead Score TT,2.0,,Textbox,True,True,True,,True,Invalid data,0,0,4ab3ca7c-2767-11ed-8755-02b84f9e23c5,4ab3ca7c-2767-11ed-8755-02b84f9e23c5,/Date(1672907916000+0000)/,4ab3ca7c-2767-11ed-8755-02b84f9e23c5,/Date(1719399263000+0000)/,System,System,System,False,0,False,,True,-2147483648,,,,,,,,
1,mx_Select_Activity_Type,Select Activity Type,Select,False,"[{'Value': ''}, {'Value': 'Had a Phone Conversation'}, {'Value': 'Had a WhatsApp Call'}, {'Value': 'Had a WhatsApp Chat'}, {'Value': 'Email Dropped'}, {'Value': 'Not Responding'}]",100,73391005-82a9-11ed-8f95-02cee9421788,Select Activity Type,Select Activity Type,2.0,13.0,Dropdown,True,True,True,,True,Invalid data,0,0,4ab3ca7c-2767-11ed-8755-02b84f9e23c5,4ab3ca7c-2767-11ed-8755-02b84f9e23c5,/Date(1671789981000+0000)/,4ab3ca7c-2767-11ed-8755-02b84f9e23c5,/Date(1729409012000+0000)/,System,System,System,False,0,False,,True,,,,,,,,,
1,mx_Lead_Status,Lead Status,Select,False,"[{'Value': 'NA'}, {'Value': 'Converse Unanswered'}, {'Value': 'Answered'}]",100,89db4cf0-7b90-11ed-8f95-02cee9421788,Lead Status,Lead Status,2.0,13.0,Dropdown,True,True,True,NA,True,Invalid data,0,0,4ab3ca4e-2767-11ed-8755-02b84f9e23c5,4ab3ca4e-2767-11ed-8755-02b84f9e23c5,/Date(1671009623000+0000)/,4ab3ca7c-2767-11ed-8755-02b84f9e23c5,/Date(1729599049000+0000)/,TRENDYTECH INSIGHTS LLP,TRENDYTECH INSIGHTS LLP,System,False,0,False,,True,,,,,,,,,
1,mx_Batch,Batch,Text,False,,50,6f972a87-76cc-11ed-8f95-02cee9421788,Batch,Batch,2.0,,Textbox,True,True,,,True,Invalid data,0,0,32836333-510d-11ed-8f95-02cee9421788,32836333-510d-11ed-8f95-02cee9421788,/Date(1670485593000+0000)/,4ab3ca7c-2767-11ed-8755-02b84f9e23c5,/Date(1719399263000+0000)/,Deepthi,Deepthi,System,False,0,False,,True,,,,,,,,,
1,mx_Sub_Source_Name,Sub Source Name,Text,True,,255,47608f81-70c7-11ed-8f95-02cee9421788,Sub Source Name,Sub Source Name,2.0,,Textbox,True,True,,,True,Invalid data,0,0,5444c3cf-3f15-11ed-8f95-02cee9421788,5444c3cf-3f15-11ed-8f95-02cee9421788,/Date(1669823671000+0000)/,4ab3ca7c-2767-11ed-8755-02b84f9e23c5,/Date(1719399263000+0000)/,Somil Singhai,Somil Singhai,System,False,0,False,,True,,,,True,,,,,
1,mx_Additional_Course_Package,Additional Course Package,Text,False,,50,e8771d3d-6c07-11ed-8f95-02cee9421788,Additional Course Package,Additional Course Package,2.0,,Textbox,True,True,,,True,Invalid data,0,0,7d4446d7-5044-11ed-8f95-02cee9421788,7d4446d7-5044-11ed-8f95-02cee9421788,/Date(1669301673000+0000)/,4ab3ca7c-2767-11ed-8755-02b84f9e23c5,/Date(1719399263000+0000)/,Seema,Seema,System,False,0,False,,True,,,,,,,,,
1,mx_Number_Website,Number_Website,Phone,False,,50,5ddcebcd-694c-11ed-8f95-02cee9421788,Number_Website,Number_Website,2.0,,Textbox,True,True,True,,True,Invalid data,0,0,4ab3ca7c-2767-11ed-8755-02b84f9e23c5,4ab3ca7c-2767-11ed-8755-02b84f9e23c5,/Date(1669001223000+0000)/,4ab3ca7c-2767-11ed-8755-02b84f9e23c5,/Date(1719399263000+0000)/,System,System,System,False,0,False,,True,0,,,,,,,,
1,mx_Form_Name,Form Name,Text,False,,255,1e1b7f77-63f8-11ed-8f95-02cee9421788,Form Name,Form Name,2.0,,Textbox,True,True,,,True,Invalid data,0,0,5444c3cf-3f15-11ed-8f95-02cee9421788,5444c3cf-3f15-11ed-8f95-02cee9421788,/Date(1668415282000+0000)/,4ab3ca7c-2767-11ed-8755-02b84f9e23c5,/Date(1719399263000+0000)/,Somil Singhai,Somil Singhai,System,False,0,True,,True,,,,,,,,,
1,mx_Sub_Source,Sub Source,Text,True,,255,0fd0f70d-63f0-11ed-8f95-02cee9421788,Sub Source,Sub Source,2.0,,Textbox,True,True,,,True,Invalid data,0,0,5444c3cf-3f15-11ed-8f95-02cee9421788,5444c3cf-3f15-11ed-8f95-02cee9421788,/Date(1668411822000+0000)/,4ab3ca7c-2767-11ed-8755-02b84f9e23c5,/Date(1719399263000+0000)/,Somil Singhai,Somil Singhai,System,False,0,False,,True,,,,,,,,,
1,mx_Company_working_for,Company working for,Text,False,,50,60d13af6-60f5-11ed-8f95-02cee9421788,Company working for,Company working for,2.0,,Textbox,True,True,,,True,Invalid data,0,0,7d4446d7-5044-11ed-8f95-02cee9421788,7d4446d7-5044-11ed-8f95-02cee9421788,/Date(1668084252000+0000)/,4ab3ca7c-2767-11ed-8755-02b84f9e23c5,/Date(1719399263000+0000)/,Seema,Seema,System,False,0,False,,True,,,,,,,,,
1,mx_Technologies_known,Technologies known,Text,False,,50,4ed1c39a-60f5-11ed-8f95-02cee9421788,Technologies known,Technologies known,2.0,,Textbox,True,True,,,True,Invalid data,0,0,7d4446d7-5044-11ed-8f95-02cee9421788,7d4446d7-5044-11ed-8f95-02cee9421788,/Date(1668084222000+0000)/,4ab3ca7c-2767-11ed-8755-02b84f9e23c5,/Date(1719399263000+0000)/,Seema,Seema,System,False,0,False,,True,,,,,,,,,
1,mx_Years_of_Experience,Years of Experience,Text,False,,50,3e6c6e03-60f5-11ed-8f95-02cee9421788,Years of Experience,Years of Experience,2.0,,Textbox,True,True,,,True,Invalid data,0,0,7d4446d7-5044-11ed-8f95-02cee9421788,7d4446d7-5044-11ed-8f95-02cee9421788,/Date(1668084194000+0000)/,4ab3ca7c-2767-11ed-8755-02b84f9e23c5,/Date(1719399263000+0000)/,Seema,Seema,System,False,0,False,,True,,,,,,,,,
1,mx_Education_Qualification,Education Qualification,Text,False,,50,30b8af33-60f5-11ed-8f95-02cee9421788,Education Qualification,Education Qualification,2.0,,Textbox,True,True,,,True,Invalid data,0,0,7d4446d7-5044-11ed-8f95-02cee9421788,7d4446d7-5044-11ed-8f95-02cee9421788,/Date(1668084171000+0000)/,4ab3ca7c-2767-11ed-8755-02b84f9e23c5,/Date(1719399263000+0000)/,Seema,Seema,System,False,0,False,,True,,,,,,,,,
1,mx_LinkedIn_ID,LinkedIn ID,Text,False,,50,fdbec190-60f4-11ed-8f95-02cee9421788,LinkedIn ID,LinkedIn ID,2.0,,Textbox,True,True,,,True,Invalid data,0,0,7d4446d7-5044-11ed-8f95-02cee9421788,7d4446d7-5044-11ed-8f95-02cee9421788,/Date(1668084086000+0000)/,4ab3ca7c-2767-11ed-8755-02b84f9e23c5,/Date(1719399263000+0000)/,Seema,Seema,System,False,0,False,,True,,,,,,,,,
1,mx_IT_or_Non_IT,IT or Non IT,Select,False,"[{'Value': ''}, {'Value': 'IT'}, {'Value': 'Non IT'}]",100,c0cc041c-5691-11ed-8f95-02cee9421788,IT or Non IT,IT or Non IT,2.0,13.0,Dropdown,True,True,,,True,Invalid data,0,0,7d4446d7-5044-11ed-8f95-02cee9421788,7d4446d7-5044-11ed-8f95-02cee9421788,/Date(1666941952000+0000)/,4ab3ca7c-2767-11ed-8755-02b84f9e23c5,/Date(1719399263000+0000)/,Seema,Seema,System,False,0,False,,True,,,,,,,,,
1,mx_Source_URL,Source URL,Website,False,,256,905e993a-456f-11ed-8f95-02cee9421788,Source URL,Source URL,2.0,7.0,URL,True,True,,,True,Invalid data,0,0,4ab3ca7c-2767-11ed-8755-02b84f9e23c5,4ab3ca7c-2767-11ed-8755-02b84f9e23c5,/Date(1665058098000+0000)/,4ab3ca7c-2767-11ed-8755-02b84f9e23c5,/Date(1719399263000+0000)/,System,System,System,False,0,False,,True,,,,,,,,,
1,mx_Lead_Sub_Source,Lead Main Source,Text,True,,50,d70e7131-3fb5-11ed-8f95-02cee9421788,Lead Sub_Source,Lead Main Source,2.0,,Textbox,True,True,True,,True,Invalid data,0,0,4ab3ca7c-2767-11ed-8755-02b84f9e23c5,4ab3ca7c-2767-11ed-8755-02b84f9e23c5,/Date(1664428574000+0000)/,4ab3ca7c-2767-11ed-8755-02b84f9e23c5,/Date(1719399263000+0000)/,System,System,System,False,0,False,,True,,,,True,,,,,
1,mx_Country_Code,Country Code,Text,True,,100,e69c84d7-3f70-11ed-8f95-02cee9421788,Country Code,Country Code,2.0,,Textbox,True,True,,,True,Invalid data,0,0,5444c3cf-3f15-11ed-8f95-02cee9421788,5444c3cf-3f15-11ed-8f95-02cee9421788,/Date(1664398965000+0000)/,4ab3ca7c-2767-11ed-8755-02b84f9e23c5,/Date(1719399387000+0000)/,Somil Singhai,Somil Singhai,System,False,0,False,,True,,,,True,,,,,
1,mx_Age,Age,Text,False,,50,0d381ace-358c-11ed-8f95-02cee9421788,Age,Age,2.0,,Textbox,True,True,,,True,Invalid data,0,0,4ab3ca7c-2767-11ed-8755-02b84f9e23c5,4ab3ca7c-2767-11ed-8755-02b84f9e23c5,/Date(1663311115000+0000)/,4ab3ca7c-2767-11ed-8755-02b84f9e23c5,/Date(1719399263000+0000)/,System,System,System,False,0,False,,True,,,,,,,,,
1,mx_Follow_up,Follow up,Date,False,,50,150d2262-3012-11ed-8f95-02cee9421788,Follow up,Follow up,2.0,12.0,Datetime,True,True,,,True,Invalid data,0,0,4ab3ca7c-2767-11ed-8755-02b84f9e23c5,4ab3ca7c-2767-11ed-8755-02b84f9e23c5,/Date(1662708973000+0000)/,4ab3ca7c-2767-11ed-8755-02b84f9e23c5,/Date(1719399263000+0000)/,System,System,System,False,0,False,,True,,,,,,,,,
1,mx_Total_Paid,Total Paid,Number,False,,,c70c21b4-300e-11ed-8f95-02cee9421788,Total Paid,Total Paid,2.0,4.0,Currency,True,True,True,,True,Invalid data,0,0,4ab3ca7c-2767-11ed-8755-02b84f9e23c5,4ab3ca7c-2767-11ed-8755-02b84f9e23c5,/Date(1662707554000+0000)/,4ab3ca7c-2767-11ed-8755-02b84f9e23c5,/Date(1730984044000+0000)/,System,System,System,False,0,False,,True,-2147483648,,,,,,,,
1,mx_Payment_due,Payment due,Number,False,,2147483647,bdad2817-300e-11ed-8f95-02cee9421788,Payment due,Payment due,2.0,,Textbox,True,True,,,True,Invalid data,0,0,4ab3ca7c-2767-11ed-8755-02b84f9e23c5,4ab3ca7c-2767-11ed-8755-02b84f9e23c5,/Date(1662707538000+0000)/,4ab3ca7c-2767-11ed-8755-02b84f9e23c5,/Date(1719399263000+0000)/,System,System,System,False,0,False,,True,-2147483648,,,,,,,,
1,mx_Total_Course_Fee_Offered,Total Course Fee Offered,Number,False,,,b2765179-300e-11ed-8f95-02cee9421788,Total Course Fee Offered,Total Course Fee Offered,2.0,4.0,Currency,True,True,True,,True,Invalid data,0,0,4ab3ca7c-2767-11ed-8755-02b84f9e23c5,4ab3ca7c-2767-11ed-8755-02b84f9e23c5,/Date(1662707520000+0000)/,4ab3ca7c-2767-11ed-8755-02b84f9e23c5,/Date(1730984065000+0000)/,System,System,System,False,0,False,,True,-2147483648,,,,,,,,
1,mx_Assigned_Date,Assigned Date,Date,False,,50,ee068648-3009-11ed-8f95-02cee9421788,Assigned Date,Assigned Date,2.0,11.0,Date,True,True,True,,True,Invalid data,0,0,4ab3ca7c-2767-11ed-8755-02b84f9e23c5,4ab3ca7c-2767-11ed-8755-02b84f9e23c5,/Date(1662705472000+0000)/,4ab3ca7c-2767-11ed-8755-02b84f9e23c5,/Date(1719399263000+0000)/,System,System,System,False,0,False,,True,,,,,,,,,
1,mx_Perks_Offered,Perks Offered,Select,False,"[{'Value': ''}, {'Value': 'Lab Requests'}, {'Value': 'DSA Module'}, {'Value': 'Extra Validity'}, {'Value': 'Project'}]",100,ad1c6d14-3009-11ed-8f95-02cee9421788,Perks Offered,Perks Offered,2.0,13.0,Dropdown,True,True,True,,True,Invalid data,0,0,4ab3ca7c-2767-11ed-8755-02b84f9e23c5,4ab3ca7c-2767-11ed-8755-02b84f9e23c5,/Date(1662705363000+0000)/,4ab3ca7c-2767-11ed-8755-02b84f9e23c5,/Date(1719399263000+0000)/,System,System,System,False,0,False,,True,,,,,,,,,
1,mx_Technologies_They_are_Aware_of,Technologies They are Aware of ,Text,False,,50,6b0529da-3009-11ed-8f95-02cee9421788,Technologies They are Aware of ,Technologies They are Aware of ,2.0,,Textbox,True,True,,,True,Invalid data,0,0,4ab3ca7c-2767-11ed-8755-02b84f9e23c5,4ab3ca7c-2767-11ed-8755-02b84f9e23c5,/Date(1662705252000+0000)/,4ab3ca7c-2767-11ed-8755-02b84f9e23c5,/Date(1719399263000+0000)/,System,System,System,False,0,False,,True,,,,,,,,,
1,mx_No_of_Years_Experience,No of Years Experience,Number,False,,2147483647,5ace7f04-3009-11ed-8f95-02cee9421788,No of Years Experience,No of Years Experience,2.0,,Textbox,True,True,,,True,Invalid data,0,0,4ab3ca7c-2767-11ed-8755-02b84f9e23c5,4ab3ca7c-2767-11ed-8755-02b84f9e23c5,/Date(1662705225000+0000)/,4ab3ca7c-2767-11ed-8755-02b84f9e23c5,/Date(1719399263000+0000)/,System,System,System,False,0,False,,True,-2147483648,,,,,,,,
1,mx_Student_Birth_Date,Student Birth Date ,Date,False,,50,405b2e2b-3009-11ed-8f95-02cee9421788,Student Birth Date ,Student Birth Date ,2.0,11.0,Date,True,True,True,,True,Invalid data,0,0,4ab3ca7c-2767-11ed-8755-02b84f9e23c5,4ab3ca7c-2767-11ed-8755-02b84f9e23c5,/Date(1662705181000+0000)/,4ab3ca7c-2767-11ed-8755-02b84f9e23c5,/Date(1719399263000+0000)/,System,System,System,False,0,False,,True,,,,,,,,,
1,mx_Unsubscribe,Unsubscribe Email WhatsApp SMS,Boolean,False,,50,08e6def4-3009-11ed-8f95-02cee9421788,Unsubscribe,Unsubscribe Email WhatsApp SMS,2.0,17.0,Checkbox,True,True,True,,True,Invalid data,0,0,4ab3ca7c-2767-11ed-8755-02b84f9e23c5,4ab3ca7c-2767-11ed-8755-02b84f9e23c5,/Date(1662705088000+0000)/,4ab3ca7c-2767-11ed-8755-02b84f9e23c5,/Date(1719399263000+0000)/,System,System,System,False,0,False,,True,,,,,,,,,
1,mx_Follow_Up_Remarks_Sales,Follow Up Remarks Sales,Text,False,,50,e1da06de-3008-11ed-8f95-02cee9421788,Follow Up Remarks Sales,Follow Up Remarks Sales,2.0,,Textbox,True,True,True,,True,Invalid data,0,0,4ab3ca7c-2767-11ed-8755-02b84f9e23c5,4ab3ca7c-2767-11ed-8755-02b84f9e23c5,/Date(1662705022000+0000)/,4ab3ca7c-2767-11ed-8755-02b84f9e23c5,/Date(1719399263000+0000)/,System,System,System,False,0,False,,True,,,,,,,,,
1,mx_Remarks_Ops,Remarks Ops,Text,False,,50,d29d4150-3008-11ed-8f95-02cee9421788,Remarks Ops,Remarks Ops,2.0,,Textbox,True,True,True,,True,Invalid data,0,0,4ab3ca7c-2767-11ed-8755-02b84f9e23c5,4ab3ca7c-2767-11ed-8755-02b84f9e23c5,/Date(1662704996000+0000)/,4ab3ca7c-2767-11ed-8755-02b84f9e23c5,/Date(1719399263000+0000)/,System,System,System,False,0,False,,True,,,,,,,,,
1,mx_Batch_Date,Batch Date,Date,False,,50,bbd3f7f8-3008-11ed-8f95-02cee9421788,Batch Date,Batch Date,2.0,11.0,Date,True,True,True,,True,Invalid data,0,0,4ab3ca7c-2767-11ed-8755-02b84f9e23c5,4ab3ca7c-2767-11ed-8755-02b84f9e23c5,/Date(1662704958000+0000)/,4ab3ca7c-2767-11ed-8755-02b84f9e23c5,/Date(1719399263000+0000)/,System,System,System,False,0,False,,True,,,,,,,,,
1,mx_Converted_Date,Converted Date,Date,False,,50,af8b66ef-3008-11ed-8f95-02cee9421788,Converted Date,Converted Date,2.0,11.0,Date,True,True,True,,True,Invalid data,0,0,4ab3ca7c-2767-11ed-8755-02b84f9e23c5,4ab3ca7c-2767-11ed-8755-02b84f9e23c5,/Date(1662704938000+0000)/,4ab3ca7c-2767-11ed-8755-02b84f9e23c5,/Date(1719399263000+0000)/,System,System,System,False,0,False,,True,,,,,,,,,
1,mx_Follow_Up_Date,Follow Up Date,Date,True,,50,8b1d65bc-3008-11ed-8f95-02cee9421788,Follow Up Date,Follow Up Date,2.0,11.0,Date,True,True,,,True,Invalid data,0,0,4ab3ca7c-2767-11ed-8755-02b84f9e23c5,4ab3ca7c-2767-11ed-8755-02b84f9e23c5,/Date(1662704877000+0000)/,4ab3ca7c-2767-11ed-8755-02b84f9e23c5,/Date(1719399263000+0000)/,System,System,System,False,0,False,,True,,,,,,,,,
1,mx_Enquiry_Date,Enquiry Date,Date,True,,50,70fa2e14-3008-11ed-8f95-02cee9421788,Enquiry Date,Enquiry Date,2.0,11.0,Date,True,True,True,,True,Invalid data,0,0,4ab3ca7c-2767-11ed-8755-02b84f9e23c5,4ab3ca7c-2767-11ed-8755-02b84f9e23c5,/Date(1662704833000+0000)/,4ab3ca7c-2767-11ed-8755-02b84f9e23c5,/Date(1719399263000+0000)/,System,System,System,False,0,False,,True,,,,,,,,,
1,mx_Course_Package,Course Package,Select,False,"[{'Value': ''}, {'Value': 'Big Data Masters Program - Domestic'}, {'Value': 'Big Data Masters Program - International'}, {'Value': 'Azure - Domestic'}, {'Value': 'Azure -  International'}]",100,3b1e09b9-3008-11ed-8f95-02cee9421788,Course Package,Course Package,2.0,13.0,Dropdown,True,True,True,,True,Invalid data,0,0,4ab3ca7c-2767-11ed-8755-02b84f9e23c5,4ab3ca7c-2767-11ed-8755-02b84f9e23c5,/Date(1662704742000+0000)/,4ab3ca7c-2767-11ed-8755-02b84f9e23c5,/Date(1719399263000+0000)/,System,System,System,False,0,False,,True,,,,,,,,,
1,mx_District,District,Text,False,,50,bb98c7f9-3007-11ed-8f95-02cee9421788,District,District,2.0,,Textbox,True,True,True,,True,Invalid data,0,0,4ab3ca7c-2767-11ed-8755-02b84f9e23c5,4ab3ca7c-2767-11ed-8755-02b84f9e23c5,/Date(1662704528000+0000)/,4ab3ca7c-2767-11ed-8755-02b84f9e23c5,/Date(1719399263000+0000)/,System,System,System,False,0,False,,True,,,,,,,,,
1,Groups,Sales Groups,Text,False,,200,508706c6-2767-11ed-8f95-02cee9421788,Groups,,1.0,,Textbox,True,True,,,True,,0,0,4ab3ca7c-2767-11ed-8755-02b84f9e23c5,4ab3ca7c-2767-11ed-8755-02b84f9e23c5,/Date(1661756020000+0000)/,4ab3ca7c-2767-11ed-8755-02b84f9e23c5,/Date(1719399263000+0000)/,System,System,System,False,2,False,,,,,,,True,True,True,,
1,ProspectID,Prospect ID,Text,True,,50,4b83068a-2767-11ed-8f95-02cee9421788,ProspectID,,,,Textbox,True,,,,True,,0,0,4ab3ca7c-2767-11ed-8755-02b84f9e23c5,4ab3ca7c-2767-11ed-8755-02b84f9e23c5,/Date(1661756012000+0000)/,4ab3ca7c-2767-11ed-8755-02b84f9e23c5,/Date(1719399263000+0000)/,System,System,System,False,2,False,,True,,,,,,True,,,
1,ProspectAutoId,Lead Number,Number,False,,,4b830ebe-2767-11ed-8f95-02cee9421788,ProspectAutoId,,1.0,,Textbox,True,True,,,True,,0,0,4ab3ca7c-2767-11ed-8755-02b84f9e23c5,4ab3ca7c-2767-11ed-8755-02b84f9e23c5,/Date(1661756012000+0000)/,4ab3ca7c-2767-11ed-8755-02b84f9e23c5,/Date(1719399263000+0000)/,System,System,System,False,2,False,,True,,,,,True,True,,,
1,FirstName,First Name,Text,False,,100,4b831424-2767-11ed-8f95-02cee9421788,FirstName,,1.0,,Textbox,True,True,True,,True,,0,0,4ab3ca7c-2767-11ed-8755-02b84f9e23c5,4ab3ca7c-2767-11ed-8755-02b84f9e23c5,/Date(1661756012000+0000)/,4ab3ca7c-2767-11ed-8755-02b84f9e23c5,/Date(1719399263000+0000)/,System,System,System,True,0,False,,True,,,,True,,True,,True,
1,LastName,Last Name,Text,False,,100,4b83183c-2767-11ed-8f95-02cee9421788,LastName,,1.0,,Textbox,True,True,True,,True,,0,0,4ab3ca7c-2767-11ed-8755-02b84f9e23c5,4ab3ca7c-2767-11ed-8755-02b84f9e23c5,/Date(1661756012000+0000)/,4ab3ca7c-2767-11ed-8755-02b84f9e23c5,/Date(1719399263000+0000)/,System,System,System,True,0,False,,True,,,,True,,True,,True,
1,EmailAddress,Email,Email,False,,100,4b831c1a-2767-11ed-8f95-02cee9421788,EmailAddress,,1.0,5.0,Email,True,True,True,,True,,0,0,4ab3ca7c-2767-11ed-8755-02b84f9e23c5,4ab3ca7c-2767-11ed-8755-02b84f9e23c5,/Date(1661756012000+0000)/,4ab3ca7c-2767-11ed-8755-02b84f9e23c5,/Date(1719399263000+0000)/,System,System,System,True,0,False,,True,,,,True,,True,,True,True
1,Source,Lead Source,Select,True,"[{'Value': ''}, {'Value': 'Website'}, {'Value': 'LinkedIn'}, {'Value': 'Webinar'}, {'Value': 'youtube'}, {'Value': 'Influencers'}, {'Value': 'PM - Facebook'}, {'Value': 'PM - Google'}, {'Value': 'Google'}, {'Value': 'Others'}, {'Value': 'Quora'}, {'Value': 'Organic Search'}, {'Value': 'Referral Sites'}, {'Value': 'Direct Traffic'}, {'Value': 'Social Media'}, {'Value': 'Inbound Email'}, {'Value': 'Inbound Phone call'}, {'Value': 'Outbound Phone call'}, {'Value': 'Pay per Click Ads'}, {'Value': 'Razorpay'}, {'Value': 'Referral'}, {'Value': 'Priority'}, {'Value': 'Facebook'}, {'Value': 'Instagram'}, {'Value': 'Direct Calls - Sumit Sir'}, {'Value': 'Whatsapp'}, {'Value': 'Azure Responses'}, {'Value': 'Google Form'}, {'Value': 'Twitter'}, {'Value': 'SQL Website'}, {'Value': 'big data'}, {'Value': 'Direct'}, {'Value': 'ABC'}]",50,4b831fd2-2767-11ed-8f95-02cee9421788,Source,Lead Source,1.0,20.0,DropdownWithOthers,True,True,True,,True,,0,0,4ab3ca7c-2767-11ed-8755-02b84f9e23c5,4ab3ca7c-2767-11ed-8755-02b84f9e23c5,/Date(1661756012000+0000)/,4ab3ca7c-2767-11ed-8755-02b84f9e23c5,/Date(1744350370000+0000)/,System,System,System,False,0,False,,True,,,True,True,,True,,,
1,Notes,Notes,Text,False,,2000,4b832351-2767-11ed-8f95-02cee9421788,Notes,,1.0,25.0,25,True,True,True,,True,,0,0,4ab3ca7c-2767-11ed-8755-02b84f9e23c5,4ab3ca7c-2767-11ed-8755-02b84f9e23c5,/Date(1661756012000+0000)/,4ab3ca7c-2767-11ed-8755-02b84f9e23c5,/Date(1719399263000+0000)/,System,System,System,False,2,False,,True,,,,True,,True,,,
1,Phone,Phone Number,Phone,True,,15,4b8326c8-2767-11ed-8f95-02cee9421788,Phone,Phone Number,1.0,6.0,Phone,True,True,True,,True,,0,0,4ab3ca7c-2767-11ed-8755-02b84f9e23c5,4ab3ca7c-2767-11ed-8755-02b84f9e23c5,/Date(1661756012000+0000)/,4ab3ca7c-2767-11ed-8755-02b84f9e23c5,/Date(1719399263000+0000)/,System,System,System,True,0,False,,True,7,,,True,,True,,True,True
1,Mobile,Alternate Phone Number,Phone,False,,15,4b832a56-2767-11ed-8f95-02cee9421788,Mobile,Alternate Phone Number,1.0,6.0,Phone,True,True,True,,True,,0,0,4ab3ca7c-2767-11ed-8755-02b84f9e23c5,4ab3ca7c-2767-11ed-8755-02b84f9e23c5,/Date(1661756012000+0000)/,4ab3ca7c-2767-11ed-8755-02b84f9e23c5,/Date(1719399263000+0000)/,System,System,System,True,0,False,,True,7,,,,,True,,True,True
1,Website,Website,Website,False,,256,4b832dcf-2767-11ed-8f95-02cee9421788,Website,,1.0,7.0,URL,True,True,True,,True,,0,0,4ab3ca7c-2767-11ed-8755-02b84f9e23c5,4ab3ca7c-2767-11ed-8755-02b84f9e23c5,/Date(1661756012000+0000)/,4ab3ca7c-2767-11ed-8755-02b84f9e23c5,/Date(1719399263000+0000)/,System,System,System,False,0,False,,True,,,,,,True,,,
1,TimeZone,Time Zone,Select,False,"[{'Value': ''}, {'Value': '-12:00'}, {'Value': 'Pacific/Samoa'}, {'Value': 'US/Hawaii'}, {'Value': 'US/Alaska'}, {'Value': 'US/Pacific'}, {'Value': 'US/Arizona'}, {'Value': 'Canada/Mountain'}, {'Value': 'US/Mountain'}, {'Value': 'America/Mexico_City'}, {'Value': 'US/Central'}, {'Value': 'America/Guatemala'}, {'Value': 'Canada/Saskatchewan'}, {'Value': 'US/East-Indiana'}, {'Value': 'America/Bogota'}, {'Value': 'US/Eastern'}, {'Value': 'America/Manaus'}, {'Value': 'America/Caracas'}, {'Value': 'America/Santiago'}, {'Value': 'Canada/Atlantic'}, {'Value': 'Canada/Newfoundland'}, {'Value': 'America/Argentina/Buenos_Aires'}, {'Value': 'Etc/GMT-3'}, {'Value': 'America/Bahia'}, {'Value': 'Etc/GMT-2'}, {'Value': 'Atlantic/Cape_Verde'}, {'Value': 'Atlantic/Azores'}, {'Value': 'Africa/Casablanca'}, {'Value': 'Greenwich'}, {'Value': 'Europe/Amsterdam'}, {'Value': 'Africa/Algiers'}, {'Value': 'Europe/Brussels'}, {'Value': 'Europe/Sarajevo'}, {'Value': 'Europe/Belgrade'}, {'Value': 'Africa/Windhoek'}, {'Value': 'Africa/Harare'}, {'Value': 'Asia/Jerusalem'}, {'Value': 'Europe/Athens'}, {'Value': 'Europe/Kiev'}, {'Value': 'Egypt'}, {'Value': 'Europe/Minsk'}, {'Value': 'Europe/Moscow'}, {'Value': 'Africa/Nairobi'}, {'Value': 'Asia/Baghdad'}, {'Value': 'Asia/Kuwait'}, {'Value': 'Asia/Tehran'}, {'Value': 'Etc/GMT+4'}, {'Value': 'Asia/Baku'}, {'Value': 'Asia/Yerevan'}, {'Value': 'Asia/Muscat'}, {'Value': 'Asia/Kabul'}, {'Value': 'Asia/Karachi'}, {'Value': 'Asia/Yekaterinburg'}, {'Value': 'Asia/Kolkata'}, {'Value': 'Asia/Katmandu'}, {'Value': 'Asia/Colombo'}, {'Value': 'Asia/Almaty'}, {'Value': 'Asia/Dhaka'}, {'Value': 'Asia/Rangoon'}, {'Value': 'Asia/Bangkok'}, {'Value': 'Asia/Krasnoyarsk'}, {'Value': 'Australia/Perth'}, {'Value': 'Asia/Taipei'}, {'Value': 'Asia/Singapore'}, {'Value': 'Asia/Irkutsk'}, {'Value': 'Asia/Chongqing'}, {'Value': 'Asia/Yakutsk'}, {'Value': 'Asia/Tokyo'}, {'Value': 'Asia/Seoul'}, {'Value': 'Australia/Adelaide'}, {'Value': 'Australia/Darwin'}, {'Value': 'Pacific/Guam'}, {'Value': 'Asia/Vladivostok'}, {'Value': 'Australia/Hobart'}, {'Value': 'Australia/Brisbane'}, {'Value': 'Australia/Canberra'}, {'Value': 'Asia/Magadan'}, {'Value': 'Pacific/Auckland'}, {'Value': 'Pacific/Fiji'}, {'Value': 'Pacific/Tongatapu'}]",100,4b833149-2767-11ed-8f95-02cee9421788,TimeZone,,1.0,13.0,Dropdown,True,True,,,,,0,0,4ab3ca7c-2767-11ed-8755-02b84f9e23c5,4ab3ca7c-2767-11ed-8755-02b84f9e23c5,/Date(1661756012000+0000)/,4ab3ca7c-2767-11ed-8755-02b84f9e23c5,/Date(1719399263000+0000)/,System,System,System,False,0,False,,True,,,,,,True,,,
1,Company,Company Name,Text,False,,100,4b8334af-2767-11ed-8f95-02cee9421788,Company,Company Name,2.0,,Textbox,True,True,True,,True,,0,0,4ab3ca7c-2767-11ed-8755-02b84f9e23c5,4ab3ca7c-2767-11ed-8755-02b84f9e23c5,/Date(1661756012000+0000)/,4ab3ca7c-2767-11ed-8755-02b84f9e23c5,/Date(1719399263000+0000)/,System,System,System,False,0,False,,True,,,,,,True,,True,
1,JobTitle,Job Title,Text,False,,50,4b83381d-2767-11ed-8f95-02cee9421788,JobTitle,,2.0,,Textbox,True,True,True,,True,,0,0,4ab3ca7c-2767-11ed-8755-02b84f9e23c5,4ab3ca7c-2767-11ed-8755-02b84f9e23c5,/Date(1661756012000+0000)/,4ab3ca7c-2767-11ed-8755-02b84f9e23c5,/Date(1719399263000+0000)/,System,System,System,False,0,False,,True,,,,,,True,,,
1,DoNotCall,Do Not Call,Boolean,False,,,4b833b83-2767-11ed-8f95-02cee9421788,DoNotCall,,1.0,17.0,Checkbox,True,True,,,True,,0,0,4ab3ca7c-2767-11ed-8755-02b84f9e23c5,4ab3ca7c-2767-11ed-8755-02b84f9e23c5,/Date(1661756012000+0000)/,4ab3ca7c-2767-11ed-8755-02b84f9e23c5,/Date(1719399263000+0000)/,System,System,System,False,0,False,,True,,,,,,True,,,
1,DoNotEmail,Do Not Email,Boolean,False,,,4b833eeb-2767-11ed-8f95-02cee9421788,DoNotEmail,,1.0,17.0,Checkbox,True,True,,,True,,0,0,4ab3ca7c-2767-11ed-8755-02b84f9e23c5,4ab3ca7c-2767-11ed-8755-02b84f9e23c5,/Date(1661756012000+0000)/,4ab3ca7c-2767-11ed-8755-02b84f9e23c5,/Date(1719399263000+0000)/,System,System,System,False,2,False,,True,,,,,,True,,,
1,DoNotTrack,Do Not Track,Boolean,False,,,4b834270-2767-11ed-8f95-02cee9421788,DoNotTrack,,1.0,17.0,Checkbox,True,True,,,True,,0,0,4ab3ca7c-2767-11ed-8755-02b84f9e23c5,4ab3ca7c-2767-11ed-8755-02b84f9e23c5,/Date(1661756012000+0000)/,4ab3ca7c-2767-11ed-8755-02b84f9e23c5,/Date(1719399263000+0000)/,System,System,System,False,0,False,,True,,,,,,True,,,
1,ProspectStage,Lead Stage,Select,True,"[{'Value': 'New'}, {'Value': 'Active'}, {'Value': 'Cust-Reenquire'}, {'Value': 'Closed-Reenquire'}, {'Value': 'Reopen-New'}, {'Value': 'Reopen-Active'}, {'Value': 'Converted'}, {'Value': 'Customer'}, {'Value': 'Lost'}, {'Value': 'Junk'}]",100,4b8345e4-2767-11ed-8f95-02cee9421788,ProspectStage,,1.0,13.0,Dropdown,True,True,True,New,True,,0,0,4ab3ca7c-2767-11ed-8755-02b84f9e23c5,4ab3ca7c-2767-11ed-8755-02b84f9e23c5,/Date(1661756012000+0000)/,7d4446d7-5044-11ed-8f95-02cee9421788,/Date(1729663234000+0000)/,System,System,Seema,False,2,False,,True,,,,,,True,,,
1,Score,Lead Score,Number,False,,50,4b83496d-2767-11ed-8f95-02cee9421788,Score,,1.0,,Textbox,True,True,True,,True,,0,0,4ab3ca7c-2767-11ed-8755-02b84f9e23c5,4ab3ca7c-2767-11ed-8755-02b84f9e23c5,/Date(1661756012000+0000)/,4ab3ca7c-2767-11ed-8755-02b84f9e23c5,/Date(1719399263000+0000)/,System,System,System,False,2,False,,True,,,,,True,True,,,
1,DoNotSMS,Do Not SMS,Boolean,False,,,4b834cf6-2767-11ed-8f95-02cee9421788,DoNotSMS,,1.0,17.0,Checkbox,True,True,,,True,,0,0,4ab3ca7c-2767-11ed-8755-02b84f9e23c5,4ab3ca7c-2767-11ed-8755-02b84f9e23c5,/Date(1661756012000+0000)/,4ab3ca7c-2767-11ed-8755-02b84f9e23c5,/Date(1719399263000+0000)/,System,System,System,False,0,False,,True,,,,,,True,,,
1,ProspectActivityId_Max,Last Activity Id,Text,False,,50,4b83505d-2767-11ed-8f95-02cee9421788,ProspectActivityId_Max,,,,Textbox,True,,,,True,,0,0,4ab3ca7c-2767-11ed-8755-02b84f9e23c5,4ab3ca7c-2767-11ed-8755-02b84f9e23c5,/Date(1661756012000+0000)/,4ab3ca7c-2767-11ed-8755-02b84f9e23c5,/Date(1719399263000+0000)/,System,System,System,False,2,False,,True,,,,,,True,,,
1,ProspectActivityId_Min,First Activity Id,Text,False,,50,4b8354cb-2767-11ed-8f95-02cee9421788,ProspectActivityId_Min,,,,Textbox,True,,,,True,,0,0,4ab3ca7c-2767-11ed-8755-02b84f9e23c5,4ab3ca7c-2767-11ed-8755-02b84f9e23c5,/Date(1661756012000+0000)/,4ab3ca7c-2767-11ed-8755-02b84f9e23c5,/Date(1719399263000+0000)/,System,System,System,False,2,False,,True,,,,,,True,,,
1,StatusCode,Status Code,Number,True,,50,4b835879-2767-11ed-8f95-02cee9421788,StatusCode,,,,Textbox,True,,,,True,,0,0,4ab3ca7c-2767-11ed-8755-02b84f9e23c5,4ab3ca7c-2767-11ed-8755-02b84f9e23c5,/Date(1661756012000+0000)/,4ab3ca7c-2767-11ed-8755-02b84f9e23c5,/Date(1719399263000+0000)/,System,System,System,False,2,False,,True,,,,,,True,,,
1,StatusReason,Status Reason,Number,True,,50,4b835bfc-2767-11ed-8f95-02cee9421788,StatusReason,,,,Textbox,True,,,,True,,0,0,4ab3ca7c-2767-11ed-8755-02b84f9e23c5,4ab3ca7c-2767-11ed-8755-02b84f9e23c5,/Date(1661756012000+0000)/,4ab3ca7c-2767-11ed-8755-02b84f9e23c5,/Date(1719399263000+0000)/,System,System,System,False,2,False,,True,,,,,,True,,,
1,DeletionStatusCode,Deletion Status Code,Number,True,,50,4b835f89-2767-11ed-8f95-02cee9421788,DeletionStatusCode,,,,Textbox,True,,,,True,,0,0,4ab3ca7c-2767-11ed-8755-02b84f9e23c5,4ab3ca7c-2767-11ed-8755-02b84f9e23c5,/Date(1661756012000+0000)/,4ab3ca7c-2767-11ed-8755-02b84f9e23c5,/Date(1719399263000+0000)/,System,System,System,False,2,False,,True,,,,,,True,,,
1,OwnerId,Owner,Text,True,,50,4b836327-2767-11ed-8f95-02cee9421788,OwnerId,Owner,1.0,,Textbox,True,True,,,True,,0,0,4ab3ca7c-2767-11ed-8755-02b84f9e23c5,4ab3ca7c-2767-11ed-8755-02b84f9e23c5,/Date(1661756012000+0000)/,4ab3ca7c-2767-11ed-8755-02b84f9e23c5,/Date(1719399263000+0000)/,System,System,System,False,2,False,,True,,,,,,True,,,
1,CreatedBy,Created By Id,Text,True,,50,4b83668c-2767-11ed-8f95-02cee9421788,CreatedBy,,,,Textbox,True,True,,,True,,0,0,4ab3ca7c-2767-11ed-8755-02b84f9e23c5,4ab3ca7c-2767-11ed-8755-02b84f9e23c5,/Date(1661756012000+0000)/,4ab3ca7c-2767-11ed-8755-02b84f9e23c5,/Date(1719399263000+0000)/,System,System,System,False,2,False,,True,,,,,,True,,,
1,CreatedOn,Created On,Date,True,,,4b8369e3-2767-11ed-8f95-02cee9421788,CreatedOn,,1.0,12.0,Datetime,True,True,True,,True,,0,0,4ab3ca7c-2767-11ed-8755-02b84f9e23c5,4ab3ca7c-2767-11ed-8755-02b84f9e23c5,/Date(1661756012000+0000)/,4ab3ca7c-2767-11ed-8755-02b84f9e23c5,/Date(1719399263000+0000)/,System,System,System,False,2,False,,True,,,,,True,True,,,
1,ModifiedBy,Modified By Id,Text,True,,50,4b836d49-2767-11ed-8f95-02cee9421788,ModifiedBy,,,,Textbox,True,True,,,True,,0,0,4ab3ca7c-2767-11ed-8755-02b84f9e23c5,4ab3ca7c-2767-11ed-8755-02b84f9e23c5,/Date(1661756012000+0000)/,4ab3ca7c-2767-11ed-8755-02b84f9e23c5,/Date(1719399263000+0000)/,System,System,System,False,2,False,,True,,,,,,True,,,
1,ModifiedOn,Modified On,Date,True,,,4b8370a4-2767-11ed-8f95-02cee9421788,ModifiedOn,,1.0,12.0,Datetime,True,True,True,,True,,0,0,4ab3ca7c-2767-11ed-8755-02b84f9e23c5,4ab3ca7c-2767-11ed-8755-02b84f9e23c5,/Date(1661756012000+0000)/,4ab3ca7c-2767-11ed-8755-02b84f9e23c5,/Date(1719399263000+0000)/,System,System,System,False,2,False,,True,,,,,True,True,,,
1,LeadConversionDate,Prospect Creation Date,Date,False,,,4b8373fe-2767-11ed-8f95-02cee9421788,LeadConversionDate,,1.0,12.0,Datetime,True,True,True,,True,,0,0,4ab3ca7c-2767-11ed-8755-02b84f9e23c5,4ab3ca7c-2767-11ed-8755-02b84f9e23c5,/Date(1661756012000+0000)/,4ab3ca7c-2767-11ed-8755-02b84f9e23c5,/Date(1719399263000+0000)/,System,System,System,False,2,False,,True,,,,,True,True,,,
1,TotalVisits,TotalVisits,Number,False,,50,4b83775c-2767-11ed-8f95-02cee9421788,TotalVisits,,,,Textbox,True,,,,True,,0,0,4ab3ca7c-2767-11ed-8755-02b84f9e23c5,4ab3ca7c-2767-11ed-8755-02b84f9e23c5,/Date(1661756012000+0000)/,4ab3ca7c-2767-11ed-8755-02b84f9e23c5,/Date(1719399263000+0000)/,System,System,System,False,2,False,,True,,,,,,True,,,
1,PageViewsPerVisit,Page Views Per Visit,Number,False,,50,4b837ae0-2767-11ed-8f95-02cee9421788,PageViewsPerVisit,,,,Textbox,True,,,,True,,0,0,4ab3ca7c-2767-11ed-8755-02b84f9e23c5,4ab3ca7c-2767-11ed-8755-02b84f9e23c5,/Date(1661756012000+0000)/,4ab3ca7c-2767-11ed-8755-02b84f9e23c5,/Date(1719399263000+0000)/,System,System,System,False,2,False,,True,,,,,,True,,,
1,AvgTimePerVisit,Average Time Per Visit,Number,False,,50,4b837e8a-2767-11ed-8f95-02cee9421788,AvgTimePerVisit,,,,Textbox,True,,,,True,,0,0,4ab3ca7c-2767-11ed-8755-02b84f9e23c5,4ab3ca7c-2767-11ed-8755-02b84f9e23c5,/Date(1661756012000+0000)/,4ab3ca7c-2767-11ed-8755-02b84f9e23c5,/Date(1719399263000+0000)/,System,System,System,False,2,False,,True,,,,,,True,,,
1,RelatedProspectId,Related Prospect Id,Text,False,,50,4b838307-2767-11ed-8f95-02cee9421788,RelatedProspectId,,,,Textbox,True,,,,True,,0,0,4ab3ca7c-2767-11ed-8755-02b84f9e23c5,4ab3ca7c-2767-11ed-8755-02b84f9e23c5,/Date(1661756012000+0000)/,4ab3ca7c-2767-11ed-8755-02b84f9e23c5,/Date(1719399263000+0000)/,System,System,System,False,2,False,,True,,,,,,True,,,
1,mx_Street1,Address,Text,False,,256,4b83869f-2767-11ed-8f95-02cee9421788,Street1,Address,2.0,,Textbox,True,True,True,,True,,0,0,4ab3ca7c-2767-11ed-8755-02b84f9e23c5,4ab3ca7c-2767-11ed-8755-02b84f9e23c5,/Date(1661756012000+0000)/,4ab3ca7c-2767-11ed-8755-02b84f9e23c5,/Date(1719399263000+0000)/,System,System,System,False,0,False,,True,,,,,,True,,,
1,mx_Street2,Address 2,Text,False,,256,4b838a1d-2767-11ed-8f95-02cee9421788,Street2,,2.0,,Textbox,True,True,True,,True,,0,0,4ab3ca7c-2767-11ed-8755-02b84f9e23c5,4ab3ca7c-2767-11ed-8755-02b84f9e23c5,/Date(1661756012000+0000)/,4ab3ca7c-2767-11ed-8755-02b84f9e23c5,/Date(1719399263000+0000)/,System,System,System,False,0,False,,True,,,,,,True,,,
1,mx_City,City,Text,False,,50,4b838e50-2767-11ed-8f95-02cee9421788,City,,2.0,,Textbox,True,True,True,,True,,0,0,4ab3ca7c-2767-11ed-8755-02b84f9e23c5,4ab3ca7c-2767-11ed-8755-02b84f9e23c5,/Date(1661756012000+0000)/,4ab3ca7c-2767-11ed-8755-02b84f9e23c5,/Date(1719399263000+0000)/,System,System,System,False,0,False,,True,,,,,,True,,True,
1,mx_State,State,Text,False,,50,4b83922a-2767-11ed-8f95-02cee9421788,State,,2.0,,Textbox,True,True,True,,True,,0,0,4ab3ca7c-2767-11ed-8755-02b84f9e23c5,4ab3ca7c-2767-11ed-8755-02b84f9e23c5,/Date(1661756012000+0000)/,4ab3ca7c-2767-11ed-8755-02b84f9e23c5,/Date(1719399263000+0000)/,System,System,System,False,0,False,,True,,,,,,True,,True,
1,mx_Country,Country,Select,False,"[{'Value': ''}, {'Value': 'Afghanistan'}, {'Value': 'Albania'}, {'Value': 'Algeria'}, {'Value': 'Andorra'}, {'Value': 'Angola'}, {'Value': 'Antigua and Barbuda'}, {'Value': 'Argentina'}, {'Value': 'Armenia'}, {'Value': 'Australia'}, {'Value': 'Austria'}, {'Value': 'Azerbaijan'}, {'Value': 'Bahamas, The'}, {'Value': 'Bahrain'}, {'Value': 'Bangladesh'}, {'Value': 'Barbados'}, {'Value': 'Belarus'}, {'Value': 'Belgium'}, {'Value': 'Belize'}, {'Value': 'Benin'}, {'Value': 'Bhutan'}, {'Value': 'Bolivia'}, {'Value': 'Bosnia and Herzegovina'}, {'Value': 'Botswana'}, {'Value': 'Brazil'}, {'Value': 'Brunei '}, {'Value': 'Bulgaria'}, {'Value': 'Burkina Faso'}, {'Value': 'Burma'}, {'Value': 'Burundi'}, {'Value': 'Cambodia'}, {'Value': 'Cameroon'}, {'Value': 'Canada'}, {'Value': 'Cape Verde'}, {'Value': 'Central African Republic'}, {'Value': 'Chad'}, {'Value': 'Chile'}, {'Value': 'China'}, {'Value': 'Colombia'}, {'Value': 'Comoros '}, {'Value': 'Congo, Democratic Republic of the'}, {'Value': 'Congo, Republic of the '}, {'Value': 'Costa Rica'}, {'Value': 'Cote dIvoire'}, {'Value': 'Croatia'}, {'Value': 'Cuba'}, {'Value': 'Cyprus'}, {'Value': 'Czech Republic'}, {'Value': 'Denmark'}, {'Value': 'Djibouti'}, {'Value': 'Dominica'}, {'Value': 'Dominican Republic'}, {'Value': 'East Timor (see Timor-Leste)'}, {'Value': 'Ecuador'}, {'Value': 'Egypt'}, {'Value': 'El Salvador'}, {'Value': 'Equatorial Guinea'}, {'Value': 'Eritrea'}, {'Value': 'Estonia'}, {'Value': 'Ethiopia'}, {'Value': 'Fiji'}, {'Value': 'Finland'}, {'Value': 'France'}, {'Value': 'Gabon'}, {'Value': 'Gambia, The'}, {'Value': 'Georgia'}, {'Value': 'Germany'}, {'Value': 'Ghana'}, {'Value': 'Greece'}, {'Value': 'Grenada'}, {'Value': 'Guatemala'}, {'Value': 'Guinea'}, {'Value': 'Guinea-Bissau'}, {'Value': 'Guyana'}, {'Value': 'Haiti'}, {'Value': 'Holy See'}, {'Value': 'Honduras'}, {'Value': 'Hong Kong'}, {'Value': 'Hungary'}, {'Value': 'Iceland'}, {'Value': 'India'}, {'Value': 'Indonesia'}, {'Value': 'Iran'}, {'Value': 'Iraq'}, {'Value': 'Ireland'}, {'Value': 'Israel'}, {'Value': 'Italy'}, {'Value': 'Jamaica'}, {'Value': 'Japan'}, {'Value': 'Jordan'}, {'Value': 'Kazakhstan'}, {'Value': 'Kenya'}, {'Value': 'Kiribati'}, {'Value': 'Korea, North'}, {'Value': 'Korea, South'}, {'Value': 'Kosovo'}, {'Value': 'Kuwait'}, {'Value': 'Kyrgyzstan'}, {'Value': 'Laos'}, {'Value': 'Latvia'}, {'Value': 'Lebanon'}, {'Value': 'Lesotho'}, {'Value': 'Liberia'}, {'Value': 'Libya'}, {'Value': 'Liechtenstein'}, {'Value': 'Lithuania'}, {'Value': 'Luxembourg'}, {'Value': 'Macau'}, {'Value': 'Macedonia'}, {'Value': 'Madagascar'}, {'Value': 'Malawi'}, {'Value': 'Malaysia'}, {'Value': 'Maldives'}, {'Value': 'Mali'}, {'Value': 'Malta'}, {'Value': 'Marshall Islands'}, {'Value': 'Mauritania'}, {'Value': 'Mauritius'}, {'Value': 'Mexico'}, {'Value': 'Micronesia'}, {'Value': 'Moldova'}, {'Value': 'Monaco'}, {'Value': 'Mongolia'}, {'Value': 'Montenegro'}, {'Value': 'Morocco'}, {'Value': 'Mozambique'}, {'Value': 'Namibia'}, {'Value': 'Nauru'}, {'Value': 'Nepal'}, {'Value': 'Netherlands'}, {'Value': 'Netherlands Antilles'}, {'Value': 'New Zealand'}, {'Value': 'Nicaragua'}, {'Value': 'Niger'}, {'Value': 'Nigeria'}, {'Value': 'North Korea'}, {'Value': 'Norway'}, {'Value': 'Oman'}, {'Value': 'Pakistan'}, {'Value': 'Palau'}, {'Value': 'Palestinian Territories'}, {'Value': 'Panama'}, {'Value': 'Papua New Guinea'}, {'Value': 'Paraguay'}, {'Value': 'Peru'}, {'Value': 'Philippines'}, {'Value': 'Poland'}, {'Value': 'Portugal'}, {'Value': 'Qatar'}, {'Value': 'Romania'}, {'Value': 'Russia'}, {'Value': 'Rwanda'}, {'Value': 'Saint Kitts and Nevis'}, {'Value': 'Saint Lucia'}, {'Value': 'Saint Vincent and the Grenadines'}, {'Value': 'Samoa '}, {'Value': 'San Marino'}, {'Value': 'Sao Tome and Principe'}, {'Value': 'Saudi Arabia'}, {'Value': 'Senegal'}, {'Value': 'Serbia'}, {'Value': 'Seychelles'}, {'Value': 'Sierra Leone'}, {'Value': 'Singapore'}, {'Value': 'Slovakia'}, {'Value': 'Slovenia'}, {'Value': 'Solomon Islands'}, {'Value': 'Somalia'}, {'Value': 'South Africa'}, {'Value': 'South Korea'}, {'Value': 'South Sudan'}, {'Value': 'Spain '}, {'Value': 'Sri Lanka'}, {'Value': 'Sudan'}, {'Value': 'Suriname'}, {'Value': 'Swaziland '}, {'Value': 'Sweden'}, {'Value': 'Switzerland'}, {'Value': 'Syria'}, {'Value': 'Taiwan'}, {'Value': 'Tajikistan'}, {'Value': 'Tanzania'}, {'Value': 'Thailand '}, {'Value': 'Timor-Leste'}, {'Value': 'Togo'}, {'Value': 'Tonga'}, {'Value': 'Trinidad and Tobago'}, {'Value': 'Tunisia'}, {'Value': 'Turkey'}, {'Value': 'Turkmenistan'}, {'Value': 'Tuvalu'}, {'Value': 'Uganda'}, {'Value': 'Ukraine'}, {'Value': 'United Arab Emirates'}, {'Value': 'United Kingdom'}, {'Value': 'United States'}, {'Value': 'Uruguay'}, {'Value': 'Uzbekistan'}, {'Value': 'Vanuatu'}, {'Value': 'Venezuela'}, {'Value': 'Vietnam'}, {'Value': 'Yemen'}, {'Value': 'Zambia'}, {'Value': 'Zimbabwe'}]",50,4b8395ac-2767-11ed-8f95-02cee9421788,Country,,2.0,13.0,Dropdown,True,True,True,,True,,0,0,4ab3ca7c-2767-11ed-8755-02b84f9e23c5,4ab3ca7c-2767-11ed-8755-02b84f9e23c5,/Date(1661756012000+0000)/,4ab3ca7c-2767-11ed-8755-02b84f9e23c5,/Date(1719399263000+0000)/,System,System,System,False,0,False,,True,,,,,,True,,True,
1,mx_Zip,Zip,Text,False,,20,4b83991a-2767-11ed-8f95-02cee9421788,Zip,,2.0,,Textbox,True,True,True,,True,,0,0,4ab3ca7c-2767-11ed-8755-02b84f9e23c5,4ab3ca7c-2767-11ed-8755-02b84f9e23c5,/Date(1661756012000+0000)/,4ab3ca7c-2767-11ed-8755-02b84f9e23c5,/Date(1719399263000+0000)/,System,System,System,False,0,False,,True,,,,,,True,,,
1,OwnerIdName,Owner,Text,False,,50,4b839d04-2767-11ed-8f95-02cee9421788,OwnerIdName,,,,Textbox,True,,True,,True,,0,0,4ab3ca7c-2767-11ed-8755-02b84f9e23c5,4ab3ca7c-2767-11ed-8755-02b84f9e23c5,/Date(1661756012000+0000)/,4ab3ca7c-2767-11ed-8755-02b84f9e23c5,/Date(1719399263000+0000)/,System,System,System,False,2,False,,,,,,,True,True,True,,
1,OwnerIdEmailAddress,Owner Email,Text,False,,50,4b83a08b-2767-11ed-8f95-02cee9421788,OwnerIdEmailAddress,,,,Textbox,True,,True,,True,,0,0,4ab3ca7c-2767-11ed-8755-02b84f9e23c5,4ab3ca7c-2767-11ed-8755-02b84f9e23c5,/Date(1661756012000+0000)/,4ab3ca7c-2767-11ed-8755-02b84f9e23c5,/Date(1719399263000+0000)/,System,System,System,False,2,False,,True,,,,,True,True,,,
1,CreatedByName,Created By,Text,False,,200,4b83a409-2767-11ed-8f95-02cee9421788,CreatedByName,,1.0,1.0,TextArea,True,,True,,True,,0,0,4ab3ca7c-2767-11ed-8755-02b84f9e23c5,4ab3ca7c-2767-11ed-8755-02b84f9e23c5,/Date(1661756012000+0000)/,4ab3ca7c-2767-11ed-8755-02b84f9e23c5,/Date(1719399263000+0000)/,System,System,System,False,2,False,,,,,,,True,True,True,,
1,ModifiedByName,Modified By,Text,False,,200,4b83a92f-2767-11ed-8f95-02cee9421788,ModifiedByName,,1.0,1.0,TextArea,True,,True,,True,,0,0,4ab3ca7c-2767-11ed-8755-02b84f9e23c5,4ab3ca7c-2767-11ed-8755-02b84f9e23c5,/Date(1661756012000+0000)/,4ab3ca7c-2767-11ed-8755-02b84f9e23c5,/Date(1719399263000+0000)/,System,System,System,False,2,False,,,,,,,True,True,True,,
1,SourceCampaign,Source Campaign,Text,False,,100,4b83adf3-2767-11ed-8f95-02cee9421788,SourceCampaign,,1.0,,Textbox,True,True,True,,True,,0,0,4ab3ca7c-2767-11ed-8755-02b84f9e23c5,4ab3ca7c-2767-11ed-8755-02b84f9e23c5,/Date(1661756012000+0000)/,4ab3ca7c-2767-11ed-8755-02b84f9e23c5,/Date(1719399263000+0000)/,System,System,System,False,0,False,,True,,,,,,True,,,
1,SourceReferrer,Source Referrer,Text,True,,50,4b83b29e-2767-11ed-8f95-02cee9421788,SourceReferrer,,,,Textbox,True,,,,,,0,0,4ab3ca7c-2767-11ed-8755-02b84f9e23c5,4ab3ca7c-2767-11ed-8755-02b84f9e23c5,/Date(1661756012000+0000)/,4ab3ca7c-2767-11ed-8755-02b84f9e23c5,/Date(1719399263000+0000)/,System,System,System,False,2,False,,True,,,,,,True,,,
1,NotableEvent,Last Notable Activity,Text,True,,50,4b83b766-2767-11ed-8f95-02cee9421788,NotableEvent,,,,Textbox,True,,,,True,,0,0,4ab3ca7c-2767-11ed-8755-02b84f9e23c5,4ab3ca7c-2767-11ed-8755-02b84f9e23c5,/Date(1661756012000+0000)/,4ab3ca7c-2767-11ed-8755-02b84f9e23c5,/Date(1719399263000+0000)/,System,System,System,False,2,False,,True,,,,,,True,,,
1,NotableEventdate,Last Notable Activity Date,Date,True,,50,4b83bc6f-2767-11ed-8f95-02cee9421788,NotableEventdate,,,12.0,Datetime,True,,,,True,,0,0,4ab3ca7c-2767-11ed-8755-02b84f9e23c5,4ab3ca7c-2767-11ed-8755-02b84f9e23c5,/Date(1661756012000+0000)/,4ab3ca7c-2767-11ed-8755-02b84f9e23c5,/Date(1719399263000+0000)/,System,System,System,False,2,False,,True,,,,,,True,,,
1,LastVisitDate,Last Visit Date,Date,True,,50,4b83c0a1-2767-11ed-8f95-02cee9421788,LastVisitDate,,,12.0,Datetime,True,,,,True,,0,0,4ab3ca7c-2767-11ed-8755-02b84f9e23c5,4ab3ca7c-2767-11ed-8755-02b84f9e23c5,/Date(1661756012000+0000)/,4ab3ca7c-2767-11ed-8755-02b84f9e23c5,/Date(1719399263000+0000)/,System,System,System,False,2,False,,True,,,,,,True,,,
1,SourceMedium,Source Medium,Text,False,,50,4b83c421-2767-11ed-8f95-02cee9421788,SourceMedium,,1.0,,Textbox,True,True,,,True,,0,0,4ab3ca7c-2767-11ed-8755-02b84f9e23c5,4ab3ca7c-2767-11ed-8755-02b84f9e23c5,/Date(1661756012000+0000)/,4ab3ca7c-2767-11ed-8755-02b84f9e23c5,/Date(1719399263000+0000)/,System,System,System,False,0,False,,True,,,,,,True,,,
1,RelatedLandingPageId,Related Landing Page Id,Text,False,,50,4b83cc42-2767-11ed-8f95-02cee9421788,RelatedLandingPageId,,,,Textbox,True,,,,True,,0,0,4ab3ca7c-2767-11ed-8755-02b84f9e23c5,4ab3ca7c-2767-11ed-8755-02b84f9e23c5,/Date(1661756012000+0000)/,4ab3ca7c-2767-11ed-8755-02b84f9e23c5,/Date(1719399263000+0000)/,System,System,System,False,2,False,,True,,,,,,True,,,
1,FirstLandingPageSubmissionId,First Landing Page Submission Id,Text,False,,50,4b83d0e5-2767-11ed-8f95-02cee9421788,FirstLandingPageSubmissionId,,,,Textbox,True,,,,True,,0,0,4ab3ca7c-2767-11ed-8755-02b84f9e23c5,4ab3ca7c-2767-11ed-8755-02b84f9e23c5,/Date(1661756012000+0000)/,4ab3ca7c-2767-11ed-8755-02b84f9e23c5,/Date(1719399263000+0000)/,System,System,System,False,2,False,,True,,,,,,True,,,
1,FirstLandingPageSubmissionDate,First Landing Page Submission Date,Date,True,,50,4b83d956-2767-11ed-8f95-02cee9421788,FirstLandingPageSubmissionDate,,,12.0,Datetime,True,,,,True,,0,0,4ab3ca7c-2767-11ed-8755-02b84f9e23c5,4ab3ca7c-2767-11ed-8755-02b84f9e23c5,/Date(1661756012000+0000)/,4ab3ca7c-2767-11ed-8755-02b84f9e23c5,/Date(1719399263000+0000)/,System,System,System,False,2,False,,True,,,,,,True,,,
1,SourceContent,Source Content,Text,False,,200,4b83de17-2767-11ed-8f95-02cee9421788,SourceContent,,1.0,,Textbox,True,True,True,,True,,0,0,4ab3ca7c-2767-11ed-8755-02b84f9e23c5,4ab3ca7c-2767-11ed-8755-02b84f9e23c5,/Date(1661756012000+0000)/,4ab3ca7c-2767-11ed-8755-02b84f9e23c5,/Date(1719399263000+0000)/,System,System,System,False,0,False,,True,,,,,,True,,,
1,ProspectActivityName_Max,Last Activity,Select,True,"[{'Value': '01 Had a Phone Conversation'}, {'Value': '02 Had a WhatsApp Call'}, {'Value': '03 Had a WhatsApp Chat'}, {'Value': '04 Email Dropped'}, {'Value': '05 Attended Webinar'}, {'Value': '08 Registration Form Filled'}, {'Value': '09 New Registration Calls - Ops'}, {'Value': '10 Email Address Change'}, {'Value': '11 Batch Change'}, {'Value': '13 Progress Calls'}, {'Value': '14 Referral Paid and Confirmed'}, {'Value': '15 Feedback Call / Certificate Issued'}, {'Value': '16 Others'}, {'Value': '17 Placement Support'}, {'Value': '18 IRF Queries  (Access related, Referral queries, Invoice requested, Refund requested)'}, {'Value': '19 Placed Students'}, {'Value': 'Converse Chat'}, {'Value': 'Document Generation'}, {'Value': 'Duplicate Detected'}, {'Value': 'Dynamic Form Submission'}, {'Value': 'Elementor Form Submission'}, {'Value': 'Email Bounced'}, {'Value': 'Email Link Clicked'}, {'Value': 'Mailing preference link clicked'}, {'Value': 'Email Marked Spam'}, {'Value': 'Negative Response to Email'}, {'Value': 'Neutral Response to Email'}, {'Value': 'Email Opened'}, {'Value': 'Inbound Lead through Email'}, {'Value': 'Positive Response to Email'}, {'Value': 'Resubscribed'}, {'Value': 'Subscribed To Newsletter'}, {'Value': 'Subscribed To Promotional Emails'}, {'Value': 'Unsubscribe Link Clicked'}, {'Value': 'Unsubscribed'}, {'Value': 'Unsubscribed From Newsletter'}, {'Value': 'Unsubscribed From Promotional Emails'}, {'Value': 'View in browser link Clicked'}, {'Value': 'Lead Capture'}, {'Value': 'Lead Converted'}, {'Value': 'LinkedIn Chat Notes'}, {'Value': 'No Response'}, {'Value': 'Not Responding'}, {'Value': 'Opportunity Captured'}, {'Value': 'Payment'}, {'Value': 'Payment against Razorpay'}, {'Value': 'Inbound Phone Call Activity'}, {'Value': 'Outbound Phone Call Activity'}, {'Value': 'Cookie Consent CTA Clicked'}, {'Value': 'Data Protection Request'}, {'Value': 'Do Not Track Request'}, {'Value': 'Opted-in for Email'}, {'Value': 'Opted-out from Email'}, {'Value': 'Razorpay'}, {'Value': 'Cancel Sales Activity'}, {'Value': 'Sales Activity'}, {'Value': 'Select Activity type'}, {'Value': 'Conversion Button Clicked'}, {'Value': 'Converted to Lead'}, {'Value': 'Form Submitted on Website'}, {'Value': 'Page Visited on Website'}, {'Value': 'Tracking URL Clicked'}, {'Value': 'WhatsApp Message'}]",50,4b83e243-2767-11ed-8f95-02cee9421788,ProspectActivityName_Max,,,13.0,Dropdown,True,True,,01 Had a Phone Conversation,True,,0,0,4ab3ca7c-2767-11ed-8755-02b84f9e23c5,4ab3ca7c-2767-11ed-8755-02b84f9e23c5,/Date(1661756012000+0000)/,5444c3cf-3f15-11ed-8f95-02cee9421788,/Date(1736240351000+0000)/,System,System,Somil Singhai,False,2,False,,True,,,,,,True,,,
1,ProspectActivityDate_Max,Last Activity Date,Date,True,,50,4b83e9fc-2767-11ed-8f95-02cee9421788,ProspectActivityDate_Max,,,12.0,Datetime,True,True,,,True,,0,0,4ab3ca7c-2767-11ed-8755-02b84f9e23c5,4ab3ca7c-2767-11ed-8755-02b84f9e23c5,/Date(1661756012000+0000)/,4ab3ca7c-2767-11ed-8755-02b84f9e23c5,/Date(1719399263000+0000)/,System,System,System,False,2,False,,True,,,,,,True,,,
1,EngagementScore,Engagement Score,Number,False,,50,4b83eecc-2767-11ed-8f95-02cee9421788,EngagementScore,,1.0,,Textbox,True,True,True,,True,,0,0,4ab3ca7c-2767-11ed-8755-02b84f9e23c5,4ab3ca7c-2767-11ed-8755-02b84f9e23c5,/Date(1661756012000+0000)/,4ab3ca7c-2767-11ed-8755-02b84f9e23c5,/Date(1719399263000+0000)/,System,System,System,False,2,False,,True,,,,,True,True,,,
1,Origin,Lead Origin,Text,False,,50,4b83f398-2767-11ed-8f95-02cee9421788,Origin,Lead Origin,1.0,1.0,TextArea,True,True,,,True,,0,0,4ab3ca7c-2767-11ed-8755-02b84f9e23c5,4ab3ca7c-2767-11ed-8755-02b84f9e23c5,/Date(1661756012000+0000)/,4ab3ca7c-2767-11ed-8755-02b84f9e23c5,/Date(1719399263000+0000)/,System,System,System,False,0,False,,True,,,,,,True,,,
1,Revenue,Order Value,Number,False,,50,4b83f91d-2767-11ed-8f95-02cee9421788,Revenue,,1.0,,Textbox,True,True,True,,True,,0,0,4ab3ca7c-2767-11ed-8755-02b84f9e23c5,4ab3ca7c-2767-11ed-8755-02b84f9e23c5,/Date(1661756012000+0000)/,4ab3ca7c-2767-11ed-8755-02b84f9e23c5,/Date(1719399263000+0000)/,System,System,System,False,2,False,,True,,,,,True,True,,,
1,MailingPreferences,Mailing Preferences,Select,False,,50,4b83fe26-2767-11ed-8f95-02cee9421788,MailingPreferences,,1.0,23.0,MultiSelect,True,,,,True,,0,0,4ab3ca7c-2767-11ed-8755-02b84f9e23c5,4ab3ca7c-2767-11ed-8755-02b84f9e23c5,/Date(1661756012000+0000)/,4ab3ca7c-2767-11ed-8755-02b84f9e23c5,/Date(1719399263000+0000)/,System,System,System,False,0,False,,True,,,,,,True,,,
1,ProspectActivityDate_Min,First Activity Date,Date,False,,50,4b8402e8-2767-11ed-8f95-02cee9421788,ProspectActivityDate_Min,,,12.0,Datetime,True,,,,True,,0,0,4ab3ca7c-2767-11ed-8755-02b84f9e23c5,4ab3ca7c-2767-11ed-8755-02b84f9e23c5,/Date(1661756012000+0000)/,4ab3ca7c-2767-11ed-8755-02b84f9e23c5,/Date(1719399263000+0000)/,System,System,System,False,2,False,,True,,,,,,True,,,
1,Web_Referrer,Web Referrer,Text,False,,50,4b840740-2767-11ed-8f95-02cee9421788,Web_Referrer,,,,Textbox,True,,,,True,,0,0,4ab3ca7c-2767-11ed-8755-02b84f9e23c5,4ab3ca7c-2767-11ed-8755-02b84f9e23c5,/Date(1661756012000+0000)/,4ab3ca7c-2767-11ed-8755-02b84f9e23c5,/Date(1719399263000+0000)/,System,System,System,False,2,False,,True,,,,,,True,,,
1,Web_RefKeyword,Web Referrer Keyword,Text,False,,50,4b840b82-2767-11ed-8f95-02cee9421788,Web_RefKeyword,,,,Textbox,True,,,,True,,0,0,4ab3ca7c-2767-11ed-8755-02b84f9e23c5,4ab3ca7c-2767-11ed-8755-02b84f9e23c5,/Date(1661756012000+0000)/,4ab3ca7c-2767-11ed-8755-02b84f9e23c5,/Date(1719399263000+0000)/,System,System,System,False,2,False,,True,,,,,,True,,,
1,LeadLastModifiedOn,Recently Modified On,Date,False,,50,4b840fa4-2767-11ed-8f95-02cee9421788,LeadLastModifiedOn,,,12.0,Datetime,True,,,,True,,0,0,4ab3ca7c-2767-11ed-8755-02b84f9e23c5,4ab3ca7c-2767-11ed-8755-02b84f9e23c5,/Date(1661756012000+0000)/,4ab3ca7c-2767-11ed-8755-02b84f9e23c5,/Date(1719399263000+0000)/,System,System,System,False,2,False,,,,,,,True,True,True,,
1,QualityScore01,Lead Quality,Number,False,,50,4b841928-2767-11ed-8f95-02cee9421788,QualityScore01,QualityScore01,1.0,,Textbox,True,True,,,True,,0,0,4ab3ca7c-2767-11ed-8755-02b84f9e23c5,4ab3ca7c-2767-11ed-8755-02b84f9e23c5,/Date(1661756012000+0000)/,4ab3ca7c-2767-11ed-8755-02b84f9e23c5,/Date(1719399263000+0000)/,System,System,System,False,2,False,,True,,,,,True,True,,,
1,TwitterId,Twitter,Text,False,,200,4b876741-2767-11ed-8f95-02cee9421788,TwitterId,,1.0,,Textbox,True,,True,,,,0,0,4ab3ca7c-2767-11ed-8755-02b84f9e23c5,4ab3ca7c-2767-11ed-8755-02b84f9e23c5,/Date(1661756012000+0000)/,4ab3ca7c-2767-11ed-8755-02b84f9e23c5,/Date(1719399263000+0000)/,System,System,System,True,0,False,,,,,,,,True,,,
1,FacebookId,Facebook,Text,False,,200,4b876df7-2767-11ed-8f95-02cee9421788,FacebookId,,1.0,,Textbox,True,,True,,,,0,0,4ab3ca7c-2767-11ed-8755-02b84f9e23c5,4ab3ca7c-2767-11ed-8755-02b84f9e23c5,/Date(1661756012000+0000)/,4ab3ca7c-2767-11ed-8755-02b84f9e23c5,/Date(1719399263000+0000)/,System,System,System,True,0,False,,,,,,,,True,,,
1,LinkedInId,LinkedIn,Text,False,,200,4b8775cc-2767-11ed-8f95-02cee9421788,LinkedInId,,1.0,,Textbox,True,,True,,,,0,0,4ab3ca7c-2767-11ed-8755-02b84f9e23c5,4ab3ca7c-2767-11ed-8755-02b84f9e23c5,/Date(1661756012000+0000)/,4ab3ca7c-2767-11ed-8755-02b84f9e23c5,/Date(1719399263000+0000)/,System,System,System,True,0,False,,,,,,,,True,,,
1,SkypeId,Skype Name,Text,False,,100,4b877aab-2767-11ed-8f95-02cee9421788,SkypeId,,1.0,,Textbox,True,,True,,,,0,0,4ab3ca7c-2767-11ed-8755-02b84f9e23c5,4ab3ca7c-2767-11ed-8755-02b84f9e23c5,/Date(1661756012000+0000)/,4ab3ca7c-2767-11ed-8755-02b84f9e23c5,/Date(1719399263000+0000)/,System,System,System,True,0,False,,,,,,,,True,,,
1,GTalkId,Gtalk User,Text,False,,100,4b877ffe-2767-11ed-8f95-02cee9421788,GTalkId,,1.0,,Textbox,True,,True,,,,0,0,4ab3ca7c-2767-11ed-8755-02b84f9e23c5,4ab3ca7c-2767-11ed-8755-02b84f9e23c5,/Date(1661756012000+0000)/,4ab3ca7c-2767-11ed-8755-02b84f9e23c5,/Date(1719399263000+0000)/,System,System,System,True,0,False,,,,,,,,True,,,
1,GooglePlusId,Google Plus,Text,False,,200,4b87842b-2767-11ed-8f95-02cee9421788,GooglePlusId,,1.0,,Textbox,True,,True,,,,0,0,4ab3ca7c-2767-11ed-8755-02b84f9e23c5,4ab3ca7c-2767-11ed-8755-02b84f9e23c5,/Date(1661756012000+0000)/,4ab3ca7c-2767-11ed-8755-02b84f9e23c5,/Date(1719399263000+0000)/,System,System,System,True,0,False,,,,,,,,True,,,
1,PhotoUrl,Photo Url,Text,False,,200,4b8787d1-2767-11ed-8f95-02cee9421788,PhotoUrl,,1.0,,Textbox,True,,True,,,,0,0,4ab3ca7c-2767-11ed-8755-02b84f9e23c5,4ab3ca7c-2767-11ed-8755-02b84f9e23c5,/Date(1661756012000+0000)/,4ab3ca7c-2767-11ed-8755-02b84f9e23c5,/Date(1719399263000+0000)/,System,System,System,False,0,False,,,,,,,,True,,,
1,CurrentOptInStatus,Current Opt In Status,Select,False,"[{'Value': 'Unknown'}, {'Value': 'OptedIn'}, {'Value': 'OptedOut'}]",200,4b878c1f-2767-11ed-8f95-02cee9421788,CurrentOptInStatus,,1.0,13.0,Dropdown,True,True,True,Unknown,,,0,0,4ab3ca7c-2767-11ed-8755-02b84f9e23c5,4ab3ca7c-2767-11ed-8755-02b84f9e23c5,/Date(1661756012000+0000)/,4ab3ca7c-2767-11ed-8755-02b84f9e23c5,/Date(1719399263000+0000)/,System,System,System,False,0,False,,,,,,,True,True,,,
1,OptInDate,Opt In Date,Date,False,,200,4b879096-2767-11ed-8f95-02cee9421788,OptInDate,,1.0,12.0,Datetime,True,True,True,,,,0,0,4ab3ca7c-2767-11ed-8755-02b84f9e23c5,4ab3ca7c-2767-11ed-8755-02b84f9e23c5,/Date(1661756012000+0000)/,4ab3ca7c-2767-11ed-8755-02b84f9e23c5,/Date(1719399263000+0000)/,System,System,System,False,0,False,,,,,,,True,True,,,
1,OptInDetails,Opt In Details,Text,False,,200,4b879654-2767-11ed-8f95-02cee9421788,OptInDetails,,1.0,,Textbox,True,True,True,,,,0,0,4ab3ca7c-2767-11ed-8755-02b84f9e23c5,4ab3ca7c-2767-11ed-8755-02b84f9e23c5,/Date(1661756012000+0000)/,4ab3ca7c-2767-11ed-8755-02b84f9e23c5,/Date(1719399263000+0000)/,System,System,System,False,0,False,,,,,,,True,True,,,
1,LastOptInEmailSentDate,Last Opt In Email Sent Date,Date,False,,200,4b879bd1-2767-11ed-8f95-02cee9421788,LastOptInEmailSentDate,,1.0,12.0,Datetime,True,True,True,,,,0,0,4ab3ca7c-2767-11ed-8755-02b84f9e23c5,4ab3ca7c-2767-11ed-8755-02b84f9e23c5,/Date(1661756012000+0000)/,4ab3ca7c-2767-11ed-8755-02b84f9e23c5,/Date(1719399263000+0000)/,System,System,System,False,0,False,,,,,,,True,True,,,
1,LeadAge,Lead Age,Number,False,,200,4b8908e7-2767-11ed-8f95-02cee9421788,LeadAge,,1.0,,Textbox,True,,True,,True,,0,0,4ab3ca7c-2767-11ed-8755-02b84f9e23c5,4ab3ca7c-2767-11ed-8755-02b84f9e23c5,/Date(1661756012000+0000)/,4ab3ca7c-2767-11ed-8755-02b84f9e23c5,/Date(1719399263000+0000)/,System,System,System,False,2,False,,,,,,,True,True,True,,
1,ConversionReferrerURL,Conversion Referrer URL,Text,False,,255,4b891bbd-2767-11ed-8f95-02cee9421788,ConversionReferrerURL,,1.0,,Textbox,True,True,,,True,,0,0,4ab3ca7c-2767-11ed-8755-02b84f9e23c5,4ab3ca7c-2767-11ed-8755-02b84f9e23c5,/Date(1661756012000+0000)/,4ab3ca7c-2767-11ed-8755-02b84f9e23c5,/Date(1719399263000+0000)/,System,System,System,False,2,False,,True,,,,,True,True,,,
1,SourceReferrerURL,Source Referrer URL,Text,False,,255,4b8920ad-2767-11ed-8f95-02cee9421788,SourceReferrerURL,,1.0,,Textbox,True,True,,,True,,0,0,4ab3ca7c-2767-11ed-8755-02b84f9e23c5,4ab3ca7c-2767-11ed-8755-02b84f9e23c5,/Date(1661756012000+0000)/,4ab3ca7c-2767-11ed-8755-02b84f9e23c5,/Date(1719399263000+0000)/,System,System,System,False,2,False,,True,,,,,True,True,,,
1,SourceIPAddress,Source IP Address,Text,False,,255,4b892475-2767-11ed-8f95-02cee9421788,SourceIPAddress,,1.0,,Textbox,True,True,,,True,,0,0,4ab3ca7c-2767-11ed-8755-02b84f9e23c5,4ab3ca7c-2767-11ed-8755-02b84f9e23c5,/Date(1661756012000+0000)/,4ab3ca7c-2767-11ed-8755-02b84f9e23c5,/Date(1719399263000+0000)/,System,System,System,False,2,False,,True,,,,,True,True,,,
1,Latitude,Latitude,Number,False,,255,4b892816-2767-11ed-8f95-02cee9421788,Latitude,,1.0,,Textbox,True,True,,,True,,0,0,4ab3ca7c-2767-11ed-8755-02b84f9e23c5,4ab3ca7c-2767-11ed-8755-02b84f9e23c5,/Date(1661756012000+0000)/,4ab3ca7c-2767-11ed-8755-02b84f9e23c5,/Date(1719399263000+0000)/,System,System,System,False,2,False,,True,,,,,,True,,,
1,Longitude,Longitude,Number,False,,255,4b892b9e-2767-11ed-8f95-02cee9421788,Longitude,,1.0,,Textbox,True,True,,,True,,0,0,4ab3ca7c-2767-11ed-8755-02b84f9e23c5,4ab3ca7c-2767-11ed-8755-02b84f9e23c5,/Date(1661756012000+0000)/,4ab3ca7c-2767-11ed-8755-02b84f9e23c5,/Date(1719399263000+0000)/,System,System,System,False,2,False,,True,,,,,,True,,,
